{
  "mouse.rotate_sensitivity": 0.10000000149011612,
  "mouse.base_pan_sensitivity": 0.013500000350177288,
  "mouse.base_scroll_sensitivity": 0.6000000238418579,
  "mouse.invert_pan": [
    -1,
    -1
  ],
  "mouse.invert_yaw_pitch": [
    -1,
    -1
  ],
  "mouse.invert_scroll": -1,
  "background_colour": [
    0.21987000107765198,
    0.3436200022697449,
    0.40084001421928406
  ],
  "variable 1": 0.0020000000949949026,
  "variable 2": [
    0.5,
    0.5,
    0.6140000224113464
  ],
  "variable 3": 2,
  "variable 4": true
}