{
  "rotate_sensitivity": 0.10000000149011612,
  "base_pan_sensitivity": 0.013500000350177288,
  "base_scroll_sensitivity": 0.6000000238418579,
  "invert_pan": [
    -1,
    -1
  ],
  "invert_yaw_pitch": [
    -1,
    -1
  ],
  "invert_scroll": -1
}